[
  {"model": "api.show", "pk": 1, "fields": {"name": "Casablanca", "slug": "casablanca"}},
  {"model": "api.show", "pk": 2, "fields": {"name": "The Terminator", "slug": "the-terminator"}},
  {"model": "api.show", "pk": 3, "fields": {"name": "The Wizard Of Oz", "slug": "the-wizard-of-oz"}},
  {"model": "api.show", "pk": 4, "fields": {"name": "Star Wars", "slug": "star-wars"}},
  {"model": "api.show", "pk": 5, "fields": {"name": "The Empire Strikes Back", "slug": "the-empire-strikes-back"}},
  {"model": "api.show", "pk": 6, "fields": {"name": "Forrest Gump", "slug": "forrest-gump"}},
  {"model": "api.show", "pk": 7, "fields": {"name": "Jaws", "slug": "jaws"}},
  {"model": "api.show", "pk": 8, "fields": {"name": "The Godfather", "slug": "the-godfather"}},
  {"model": "api.show", "pk": 9, "fields": {"name": "A Few Good Men", "slug": "a-few-good-men"}},
  {"model": "api.show", "pk": 10, "fields": {"name": "Taxi Driver", "slug": "taxi-driver"}},
  {"model": "api.show", "pk": 11, "fields": {"name": "The Lord Of The Rings", "slug": "the-lord-of-the-rings"}},
  {"model": "api.show", "pk": 12, "fields": {"name": "Toy Story", "slug": "toy-story"}},
  {"model": "api.show", "pk": 13, "fields": {"name": "Titanic", "slug": "titanic"}},
  {"model": "api.show", "pk": 14, "fields": {"name": "The Matrix", "slug": "the-matrix"}},
  {"model": "api.show", "pk": 15, "fields": {"name": "The Dark Knight", "slug": "the-dark-knight"}},
  {"model": "api.show", "pk": 16, "fields": {"name": "Jerry Maguire", "slug": "jerry-maguire"}},
  {"model": "api.show", "pk": 17, "fields": {"name": "The Sixth Sense", "slug": "the-sixth-sense"}},
  {"model": "api.show", "pk": 18, "fields": {"name": "E.T. The Extra-Terrestrial", "slug": "et-the-extra-terrestrial"}},
  {"model": "api.show", "pk": 19, "fields": {"name": "The Shining", "slug": "the-shining"}},
  {"model": "api.show", "pk": 20, "fields": {"name": "Apollo 13", "slug": "apollo-13"}},
  {"model": "api.show", "pk": 21, "fields": {"name": "Gone With The Wind", "slug": "gone-with-the-wind"}},
  {"model": "api.show", "pk": 22, "fields": {"name": "Sudden Impact", "slug": "sudden-impact"}},
  {"model": "api.show", "pk": 23, "fields": {"name": "The Silence Of The Lambs", "slug": "the-silence-of-the-lambs"}},
  {"model": "api.show", "pk": 24, "fields": {"name": "Network", "slug": "network"}},
  {"model": "api.show", "pk": 25, "fields": {"name": "Dirty Dancing", "slug": "dirty-dancing"}},
  {"model": "api.show", "pk": 26, "fields": {"name": "Field Of Dreams", "slug": "field-of-dreams"}},
  {"model": "api.show", "pk": 27, "fields": {"name": "Scarface", "slug": "scarface"}},
  {"model": "api.show", "pk": 28, "fields": {"name": "The Princess Bride", "slug": "the-princess-bride"}},
  {"model": "api.show", "pk": 29, "fields": {"name": "Finding Nemo", "slug": "finding-nemo"}},
  {"model": "api.show", "pk": 30, "fields": {"name": "Rocky", "slug": "rocky"}},
  {"model": "api.show", "pk": 31, "fields": {"name": "The Hunger Games", "slug": "the-hunger-games"}},
  {"model": "api.show", "pk": 32, "fields": {"name": "Gladiator", "slug": "gladiator"}},
  {"model": "api.show", "pk": 33, "fields": {"name": "Braveheart", "slug": "braveheart"}},
  {"model": "api.show", "pk": 34, "fields": {"name": "The Avengers", "slug": "the-avengers"}},
  {"model": "api.show", "pk": 35, "fields": {"name": "Back To The Future", "slug": "back-to-the-future"}},
  {"model": "api.show", "pk": 36, "fields": {"name": "The Social Network", "slug": "the-social-network"}},
  {"model": "api.show", "pk": 37, "fields": {"name": "Mean Girls", "slug": "mean-girls"}},
  {"model": "api.show", "pk": 38, "fields": {"name": "The Big Lebowski", "slug": "the-big-lebowski"}},
  {"model": "api.show", "pk": 39, "fields": {"name": "The Lion King", "slug": "the-lion-king"}},
  {"model": "api.show", "pk": 40, "fields": {"name": "Harry Potter", "slug": "harry-potter"}},
  {"model": "api.show", "pk": 41, "fields": {"name": "Toy Story 2", "slug": "toy-story-2"}},
  {"model": "api.show", "pk": 42, "fields": {"name": "Toy Story 3", "slug": "toy-story-3"}},
  {"model": "api.show", "pk": 43, "fields": {"name": "Toy Story 4", "slug": "toy-story-4"}},
  {"model": "api.show", "pk": 44, "fields": {"name": "Avengers: Endgame", "slug": "avengers-endgame"}},
  {"model": "api.show", "pk": 45, "fields": {"name": "Top Gun: Maverick", "slug": "top-gun-maverick"}},
  {"model": "api.show", "pk": 46, "fields": {"name": "World War Z", "slug": "world-war-z"}},
  {"model": "api.show", "pk": 47, "fields": {"name": "Scary Movie", "slug": "scary-movie"}},
  {"model": "api.show", "pk": 48, "fields": {"name": "Shrek", "slug": "shrek"}},
  {"model": "api.show", "pk": 49, "fields": {"name": "Sing", "slug": "sing"}},
  {"model": "api.show", "pk": 50, "fields": {"name": "Creed", "slug": "creed"}},

  {"model": "api.role", "pk": 1, "fields": {"name": "Rick Blaine", "slug": "rick-blaine"}},
  {"model": "api.role", "pk": 2, "fields": {"name": "The Terminator", "slug": "the-terminator"}},
  {"model": "api.role", "pk": 3, "fields": {"name": "Dorothy Gale", "slug": "dorothy-gale"}},
  {"model": "api.role", "pk": 4, "fields": {"name": "General Dodonna", "slug": "general-dodonna"}},
  {"model": "api.role", "pk": 5, "fields": {"name": "Darth Vader", "slug": "darth-vader"}},
  {"model": "api.role", "pk": 6, "fields": {"name": "Forrest Gump", "slug": "forrest-gump"}},
  {"model": "api.role", "pk": 7, "fields": {"name": "Chief Brody", "slug": "chief-brody"}},
  {"model": "api.role", "pk": 8, "fields": {"name": "Don Vito Corleone", "slug": "don-vito-corleone"}},
  {"model": "api.role", "pk": 9, "fields": {"name": "Colonel Jessup", "slug": "colonel-jessup"}},
  {"model": "api.role", "pk": 10, "fields": {"name": "Travis Bickle", "slug": "travis-bickle"}},
  {"model": "api.role", "pk": 11, "fields": {"name": "Gollum", "slug": "gollum"}},
  {"model": "api.role", "pk": 12, "fields": {"name": "Buzz Lightyear", "slug": "buzz-lightyear"}},
  {"model": "api.role", "pk": 13, "fields": {"name": "Jack Dawson", "slug": "jack-dawson"}},
  {"model": "api.role", "pk": 14, "fields": {"name": "Morpheus", "slug": "morpheus"}},
  {"model": "api.role", "pk": 15, "fields": {"name": "The Joker", "slug": "the-joker"}},
  {"model": "api.role", "pk": 16, "fields": {"name": "Dorothy Boyd", "slug": "dorothy-boyd"}},
  {"model": "api.role", "pk": 17, "fields": {"name": "Cole Sear", "slug": "cole-sear"}},
  {"model": "api.role", "pk": 18, "fields": {"name": "E.T.", "slug": "et"}},
  {"model": "api.role", "pk": 19, "fields": {"name": "Jack Torrance", "slug": "jack-torrance"}},
  {"model": "api.role", "pk": 20, "fields": {"name": "Jim Lovell", "slug": "jim-lovell"}},
  {"model": "api.role", "pk": 21, "fields": {"name": "Rhett Butler", "slug": "rhett-butler"}},
  {"model": "api.role", "pk": 22, "fields": {"name": "Harry Callahan", "slug": "harry-callahan"}},
  {"model": "api.role", "pk": 23, "fields": {"name": "Hannibal Lecter", "slug": "hannibal-lecter"}},
  {"model": "api.role", "pk": 24, "fields": {"name": "Howard Beale", "slug": "howard-beale"}},
  {"model": "api.role", "pk": 25, "fields": {"name": "Johnny Castle", "slug": "johnny-castle"}},
  {"model": "api.role", "pk": 26, "fields": {"name": "The Voice", "slug": "the-voice"}},
  {"model": "api.role", "pk": 27, "fields": {"name": "Tony Montana", "slug": "tony-montana"}},
  {"model": "api.role", "pk": 28, "fields": {"name": "Inigo Montoya", "slug": "inigo-montoya"}},
  {"model": "api.role", "pk": 29, "fields": {"name": "Dory", "slug": "dory"}},
  {"model": "api.role", "pk": 30, "fields": {"name": "Rocky Balboa", "slug": "rocky-balboa"}},
  {"model": "api.role", "pk": 31, "fields": {"name": "Effie Trinket", "slug": "effie-trinket"}},
  {"model": "api.role", "pk": 32, "fields": {"name": "Maximus", "slug": "maximus"}},
  {"model": "api.role", "pk": 33, "fields": {"name": "William Wallace", "slug": "william-wallace"}},
  {"model": "api.role", "pk": 34, "fields": {"name": "Tony Stark", "slug": "tony-stark"}},
  {"model": "api.role", "pk": 35, "fields": {"name": "Doc Brown", "slug": "doc-brown"}},
  {"model": "api.role", "pk": 36, "fields": {"name": "Mark Zuckerberg", "slug": "mark-zuckerberg"}},
  {"model": "api.role", "pk": 37, "fields": {"name": "Gretchen Wieners", "slug": "gretchen-wieners"}},
  {"model": "api.role", "pk": 38, "fields": {"name": "The Dude", "slug": "the-dude"}},
  {"model": "api.role", "pk": 39, "fields": {"name": "Timon", "slug": "timon"}},
  {"model": "api.role", "pk": 40, "fields": {"name": "Albus Dumbledore", "slug": "albus-dumbledore"}},
  {"model": "api.role", "pk": 41, "fields": {"name": "Woody", "slug": "woody"}},
  {"model": "api.role", "pk": 42, "fields": {"name": "Jessie", "slug": "jessie"}},
  {"model": "api.role", "pk": 43, "fields": {"name": "Forky", "slug": "forky"}},
  {"model": "api.role", "pk": 44, "fields": {"name": "Steve Rogers", "slug": "steve-rogers"}},
  {"model": "api.role", "pk": 45, "fields": {"name": "Thanos", "slug": "thanos"}},
  {"model": "api.role", "pk": 46, "fields": {"name": "Maverick", "slug": "maverick"}},
  {"model": "api.role", "pk": 47, "fields": {"name": "Rooster", "slug": "rooster"}},
  {"model": "api.role", "pk": 48, "fields": {"name": "Gerry Lane", "slug": "gerry-lane"}},
  {"model": "api.role", "pk": 49, "fields": {"name": "Andrew Fassbach", "slug": "andrew-fassbach"}},
  {"model": "api.role", "pk": 50, "fields": {"name": "Cindy Campbell", "slug": "cindy-campbell"}},
  {"model": "api.role", "pk": 51, "fields": {"name": "Shorty Meeks", "slug": "shorty-meeks"}},
  {"model": "api.role", "pk": 52, "fields": {"name": "Shrek", "slug": "shrek"}},
  {"model": "api.role", "pk": 53, "fields": {"name": "Donkey", "slug": "donkey"}},
  {"model": "api.role", "pk": 54, "fields": {"name": "Buster Moon", "slug": "buster-moon"}},
  {"model": "api.role", "pk": 55, "fields": {"name": "Rosita", "slug": "rosita"}},
  {"model": "api.role", "pk": 56, "fields": {"name": "Johnny", "slug": "johnny"}},
  {"model": "api.role", "pk": 57, "fields": {"name": "Adonis Creed", "slug": "adonis-creed"}},

  {"model": "api.quote", "pk": 1, "fields": {"key": "1000000001", "quote": "Here's looking at you, kid.", "contain_adult_lang": false, "show": 1, "role": 1}},
  {"model": "api.quote", "pk": 2, "fields": {"key": "1000000002", "quote": "I'll be back.", "contain_adult_lang": false, "show": 2, "role": 2}},
  {"model": "api.quote", "pk": 3, "fields": {"key": "1000000003", "quote": "There's no place like home.", "contain_adult_lang": false, "show": 3, "role": 3}},
  {"model": "api.quote", "pk": 4, "fields": {"key": "1000000004", "quote": "May the Force be with you.", "contain_adult_lang": false, "show": 4, "role": 4}},
  {"model": "api.quote", "pk": 5, "fields": {"key": "1000000005", "quote": "No. I am your father.", "contain_adult_lang": false, "show": 5, "role": 5}},
  {"model": "api.quote", "pk": 6, "fields": {"key": "1000000006", "quote": "My mama always said life was like a box of chocolates.", "contain_adult_lang": false, "show": 6, "role": 6}},
  {"model": "api.quote", "pk": 7, "fields": {"key": "1000000007", "quote": "You're gonna need a bigger boat.", "contain_adult_lang": false, "show": 7, "role": 7}},
  {"model": "api.quote", "pk": 8, "fields": {"key": "1000000008", "quote": "I'm gonna make him an offer he can't refuse.", "contain_adult_lang": false, "show": 8, "role": 8}},
  {"model": "api.quote", "pk": 9, "fields": {"key": "1000000009", "quote": "You can't handle the truth!", "contain_adult_lang": false, "show": 9, "role": 9}},
  {"model": "api.quote", "pk": 10, "fields": {"key": "1000000010", "quote": "You talkin' to me?", "contain_adult_lang": false, "show": 10, "role": 10}},
  {"model": "api.quote", "pk": 11, "fields": {"key": "1000000011", "quote": "My precious.", "contain_adult_lang": false, "show": 11, "role": 11}},
  {"model": "api.quote", "pk": 12, "fields": {"key": "1000000012", "quote": "To infinity and beyond!", "contain_adult_lang": false, "show": 12, "role": 12}},
  {"model": "api.quote", "pk": 13, "fields": {"key": "1000000013", "quote": "I'm the king of the world!", "contain_adult_lang": false, "show": 13, "role": 13}},
  {"model": "api.quote", "pk": 14, "fields": {"key": "1000000014", "quote": "There is no spoon.", "contain_adult_lang": false, "show": 14, "role": 14}},
  {"model": "api.quote", "pk": 15, "fields": {"key": "1000000015", "quote": "Why so serious?", "contain_adult_lang": false, "show": 15, "role": 15}},
  {"model": "api.quote", "pk": 16, "fields": {"key": "1000000016", "quote": "You had me at hello.", "contain_adult_lang": false, "show": 16, "role": 16}},
  {"model": "api.quote", "pk": 17, "fields": {"key": "1000000017", "quote": "I see dead people.", "contain_adult_lang": false, "show": 17, "role": 17}},
  {"model": "api.quote", "pk": 18, "fields": {"key": "1000000018", "quote": "E.T. phone home.", "contain_adult_lang": false, "show": 18, "role": 18}},
  {"model": "api.quote", "pk": 19, "fields": {"key": "1000000019", "quote": "Here's Johnny!", "contain_adult_lang": false, "show": 19, "role": 19}},
  {"model": "api.quote", "pk": 20, "fields": {"key": "1000000020", "quote": "Houston, we have a problem.", "contain_adult_lang": false, "show": 20, "role": 20}},
  {"model": "api.quote", "pk": 21, "fields": {"key": "1000000021", "quote": "Frankly, my dear, I don't give a damn.", "contain_adult_lang": true, "show": 21, "role": 21}},
  {"model": "api.quote", "pk": 22, "fields": {"key": "1000000022", "quote": "Go ahead, make my day.", "contain_adult_lang": false, "show": 22, "role": 22}},
  {"model": "api.quote", "pk": 23, "fields": {"key": "1000000023", "quote": "Hello, Clarice.", "contain_adult_lang": false, "show": 23, "role": 23}},
  {"model": "api.quote", "pk": 24, "fields": {"key": "1000000024", "quote": "I'm as mad as hell, and I'm not going to take this anymore!", "contain_adult_lang": false, "show": 24, "role": 24}},
  {"model": "api.quote", "pk": 25, "fields": {"key": "1000000025", "quote": "Nobody puts Baby in a corner.", "contain_adult_lang": false, "show": 25, "role": 25}},
  {"model": "api.quote", "pk": 26, "fields": {"key": "1000000026", "quote": "If you build it, he will come.", "contain_adult_lang": false, "show": 26, "role": 26}},
  {"model": "api.quote", "pk": 27, "fields": {"key": "1000000027", "quote": "Say hello to my little friend!", "contain_adult_lang": false, "show": 27, "role": 27}},
  {"model": "api.quote", "pk": 28, "fields": {"key": "1000000028", "quote": "Hello. My name is Inigo Montoya. You killed my father. Prepare to die.", "contain_adult_lang": false, "show": 28, "role": 28}},
  {"model": "api.quote", "pk": 29, "fields": {"key": "1000000029", "quote": "Just keep swimming.", "contain_adult_lang": false, "show": 29, "role": 29}},
  {"model": "api.quote", "pk": 30, "fields": {"key": "1000000030", "quote": "Yo, Adrian!", "contain_adult_lang": false, "show": 30, "role": 30}},
  {"model": "api.quote", "pk": 31, "fields": {"key": "1000000031", "quote": "May the odds be ever in your favor.", "contain_adult_lang": false, "show": 31, "role": 31}},
  {"model": "api.quote", "pk": 32, "fields": {"key": "1000000032", "quote": "Are you not entertained?", "contain_adult_lang": false, "show": 32, "role": 32}},
  {"model": "api.quote", "pk": 33, "fields": {"key": "1000000033", "quote": "They may take our lives, but they'll never take our freedom!", "contain_adult_lang": false, "show": 33, "role": 33}},
  {"model": "api.quote", "pk": 34, "fields": {"key": "1000000034", "quote": "I am Iron Man.", "contain_adult_lang": false, "show": 34, "role": 34}},
  {"model": "api.quote", "pk": 35, "fields": {"key": "1000000035", "quote": "Roads? Where we're going, we don't need roads.", "contain_adult_lang": false, "show": 35, "role": 35}},
  {"model": "api.quote", "pk": 36, "fields": {"key": "1000000036", "quote": "If you guys were the inventors of Facebook, you'd have invented Facebook.", "contain_adult_lang": false, "show": 36, "role": 36}},
  {"model": "api.quote", "pk": 37, "fields": {"key": "1000000037", "quote": "That's so fetch.", "contain_adult_lang": false, "show": 37, "role": 37}},
  {"model": "api.quote", "pk": 38, "fields": {"key": "1000000038", "quote": "The Dude abides.", "contain_adult_lang": false, "show": 38, "role": 38}},
  {"model": "api.quote", "pk": 39, "fields": {"key": "1000000039", "quote": "Hakuna Matata.", "contain_adult_lang": false, "show": 39, "role": 39}},
  {"model": "api.quote", "pk": 40, "fields": {"key": "1000000040", "quote": "It does not do to dwell on dreams and forget to live.", "contain_adult_lang": false, "show": 40, "role": 40}},
  {"model": "api.quote", "pk": 41, "fields": {"key": "1000000041", "quote": "You are a toy!", "contain_adult_lang": false, "show": 12, "role": 41}},
  {"model": "api.quote", "pk": 42, "fields": {"key": "1000000042", "quote": "This town ain't big enough for the two of us.", "contain_adult_lang": false, "show": 12, "role": 41}},
  {"model": "api.quote", "pk": 43, "fields": {"key": "1000000043", "quote": "I don't believe that man's ever been to medical school.", "contain_adult_lang": false, "show": 12, "role": 12}},
  {"model": "api.quote", "pk": 44, "fields": {"key": "1000000044", "quote": "When somebody loved me, everything was beautiful.", "contain_adult_lang": false, "show": 41, "role": 42}},
  {"model": "api.quote", "pk": 45, "fields": {"key": "1000000045", "quote": "You never forget kids like Emily or Andy.", "contain_adult_lang": false, "show": 41, "role": 42}},
  {"model": "api.quote", "pk": 46, "fields": {"key": "1000000046", "quote": "I can't stop Andy from growing up.", "contain_adult_lang": false, "show": 41, "role": 41}},
  {"model": "api.quote", "pk": 47, "fields": {"key": "1000000047", "quote": "So long, partner.", "contain_adult_lang": false, "show": 42, "role": 41}},
  {"model": "api.quote", "pk": 48, "fields": {"key": "1000000048", "quote": "We belong together.", "contain_adult_lang": false, "show": 42, "role": 41}},
  {"model": "api.quote", "pk": 49, "fields": {"key": "1000000049", "quote": "I am not a toy!", "contain_adult_lang": false, "show": 43, "role": 43}},
  {"model": "api.quote", "pk": 50, "fields": {"key": "1000000050", "quote": "Trash?", "contain_adult_lang": false, "show": 43, "role": 43}},
  {"model": "api.quote", "pk": 51, "fields": {"key": "1000000051", "quote": "Whatever it takes.", "contain_adult_lang": false, "show": 44, "role": 44}},
  {"model": "api.quote", "pk": 52, "fields": {"key": "1000000052", "quote": "I love you 3000.", "contain_adult_lang": false, "show": 44, "role": 34}},
  {"model": "api.quote", "pk": 53, "fields": {"key": "1000000053", "quote": "Avengers... assemble.", "contain_adult_lang": false, "show": 44, "role": 44}},
  {"model": "api.quote", "pk": 54, "fields": {"key": "1000000054", "quote": "I am inevitable.", "contain_adult_lang": false, "show": 44, "role": 45}},
  {"model": "api.quote", "pk": 55, "fields": {"key": "1000000055", "quote": "On your left.", "contain_adult_lang": false, "show": 44, "role": 44}},
  {"model": "api.quote", "pk": 56, "fields": {"key": "1000000056", "quote": "Don't think, just do.", "contain_adult_lang": false, "show": 45, "role": 47}},
  {"model": "api.quote", "pk": 57, "fields": {"key": "1000000057", "quote": "It's not the plane, it's the pilot.", "contain_adult_lang": false, "show": 45, "role": 46}},
  {"model": "api.quote", "pk": 58, "fields": {"key": "1000000058", "quote": "Talk to me, Goose.", "contain_adult_lang": false, "show": 45, "role": 46}},
  {"model": "api.quote", "pk": 59, "fields": {"key": "1000000059", "quote": "Good morning, aviators.", "contain_adult_lang": false, "show": 45, "role": 46}},
  {"model": "api.quote", "pk": 60, "fields": {"key": "1000000060", "quote": "Movement is life.", "contain_adult_lang": false, "show": 46, "role": 48}},
  {"model": "api.quote", "pk": 61, "fields": {"key": "1000000061", "quote": "Nature is a serial killer.", "contain_adult_lang": false, "show": 46, "role": 49}},
  {"model": "api.quote", "pk": 62, "fields": {"key": "1000000062", "quote": "Wazzup!", "contain_adult_lang": false, "show": 47, "role": 51}},
  {"model": "api.quote", "pk": 63, "fields": {"key": "1000000063", "quote": "I'm gonna slash and gash!", "contain_adult_lang": false, "show": 47, "role": 51}},
  {"model": "api.quote", "pk": 64, "fields": {"key": "1000000064", "quote": "Ogres are like onions.", "contain_adult_lang": false, "show": 48, "role": 52}},
  {"model": "api.quote", "pk": 65, "fields": {"key": "1000000065", "quote": "That'll do, Donkey. That'll do.", "contain_adult_lang": false, "show": 48, "role": 52}},
  {"model": "api.quote", "pk": 66, "fields": {"key": "1000000066", "quote": "I'm a donkey on the edge!", "contain_adult_lang": false, "show": 48, "role": 53}},
  {"model": "api.quote", "pk": 67, "fields": {"key": "1000000067", "quote": "Better out than in, I always say.", "contain_adult_lang": false, "show": 48, "role": 52}},
  {"model": "api.quote", "pk": 68, "fields": {"key": "1000000068", "quote": "Don't let fear stop you.", "contain_adult_lang": false, "show": 49, "role": 54}},
  {"model": "api.quote", "pk": 69, "fields": {"key": "1000000069", "quote": "This is my theater!", "contain_adult_lang": false, "show": 49, "role": 54}},
  {"model": "api.quote", "pk": 70, "fields": {"key": "1000000070", "quote": "One step at a time. One punch at a time. One round at a time.", "contain_adult_lang": false, "show": 50, "role": 30}}
]
